id,familia,indicador,definicion,direccion,umbral_amarillo,umbral_rojo,frecuencia,rezago_meses,responsable,accion_amarillo,accion_rojo,mes_01,mes_02,mes_03,mes_04,mes_05,mes_06,mes_07,mes_08,mes_09,mes_10,mes_11,mes_12
D1,datos,Violaciones de contrato (% solicitudes),"Filas del mes con variable del modelo fuera de rango, missing no permitido o valor centinela / total de solicitudes",mayor,1.0,3.0,Mensual (diario en operación),0,Dueño del dato (TI),Revisar feed y cola de excepciones en 48 h,Contingencia: filas afectadas a política experta; corregir y re-puntuar,,,,,,,,,,,,
P1,población,PSI del score DEV→bandeja (8 bandas),Σ (a−e)·ln(a/e) sobre las 8 bandas de la master scale; e = % DEV congelado,mayor,0.1,0.25,Mensual,0,Modelador,Vigilancia reforzada; aportes por banda,Revisar estrategia/cutoff; análisis de causa,,,,,,,,,,,,
P2,población,CSI máximo DEV→bandeja,Máximo sobre las variables del scorecard del PSI con los bins WoE de DEV,mayor,0.1,0.25,Mensual,0,Modelador,"Identificar variable y causa (producto, canal, feed)",Revisar variable; evaluar impacto en score y calibración,,,,,,,,,,,,
P3,población,Mix D+E en la bandeja (pts vs modelo),% de solicitudes en bandas D+E menos el % de referencia,mayor,3,6,Mensual,0,Modelador,Vigilancia; revisar canal/campañas,Revisar cutoff y capacidad de cobranza,,,,,,,,,,,,
N1,negocio,Tasa de aprobación (desvío en pts vs plan),Aprobados / solicitudes menos la aprobación esperada con el cutoff vigente,bilateral,5,10,Mensual,0,Gerencia de Crédito,"Explicar desvío (mix, política, canal)",Comité de Crédito revisa política,,,,,,,,,,,,
N2,negocio,Override rate (% de rechazados aprobados),Aprobaciones por excepción / rechazados por score,mayor,15,25,Mensual,0,Gerencia de Crédito,Auditar overrides por gestor y motivo,Límite de overrides; revisión de facultades,,,,,,,,,,,,
A1,adelantado,Mora 30+ a MOB3 vs esperada: p bilateral,Poisson-binomial: z = (O−E)/√V con E del modelo satélite; p = 2·(1−Φ(|z|)); cosecha de hace 3 meses,menor,0.05,0.01,Mensual,3,Modelador,Vigilancia reforzada; CUSUM de la serie,Análisis por banda y cosecha; preparar recalibración,,,,,,,,,,,,
A2,adelantado,Cosecha 90+ a MOB6 vs curva esperada: p,Tasa 90+ acumulada a MOB6 de la cosecha de hace 6 meses contra 1−(1−PD)^F(6),menor,0.05,0.01,Mensual,6,Modelador,Vigilancia reforzada,Análisis por cosecha; preparar recalibración,,,,,,,,,,,,
O1,orden,Gini OOT: caída relativa vs DEV (%),1 − Gini_hoy / Gini_DEV (misma población: aprobados),mayor,20,30,Trimestral,12,Modelador,Bootstrap del Gini; revisar por segmento,Gatillo de re-desarrollo (descartados datos y política),,,,,,,,,,,,
O2,orden,KS OOT,Máxima distancia entre las acumuladas de buenos y malos,menor,0.3,0.2,Trimestral,12,Modelador,Revisar junto con Gini,Gatillo de re-desarrollo,,,,,,,,,,,,
L1,nivel,Binomial global OOT: p,Test binomial de la tasa observada contra la PD media calibrada,menor,0.05,0.01,Trimestral,12,Modelador,Vigilancia reforzada,Gatillo de recalibración del δ,,,,,,,,,,,,
L2,nivel,Bandas con binomial fuera: p mínimo de 8,Mínimo de los p binomiales por banda (equivale a «alguna banda amarilla/roja»),menor,0.05,0.01,Trimestral,12,Modelador,Leer patrón (¿bandas buenas subestiman?),Análisis por banda; recalibración si es patrón,,,,,,,,,,,,
L3,nivel,Hosmer-Lemeshow OOT: p simulado,HL con 10 grupos; p por simulación bajo H0 (no la χ² si hay esperados < 5),menor,0.05,0.01,Trimestral,12,Modelador,Autopsia por grupo,Gatillo de recalibración / forma,,,,,,,,,,,,
C1,cohortes,Cohorte swap-in: p (mora vs PD),Binomial de la cohorte que el modelo aprueba y la política anterior rechazaba,menor,0.05,0.01,Trimestral,12,Modelador,Vigilancia de la cohorte; no ampliar el swap,Revertir ampliación del swap-in; revisar reject inference,,,,,,,,,,,,
